followers,following,posts,likes,comments,profile_pic,bio_length,account_age,label
860,3773,20,614,121,0,74,1483,0
3171,2920,151,130,149,0,1,344,0
2433,1185,459,313,21,0,88,1585,0
2558,2048,475,699,270,1,189,687,0
1899,1268,319,504,130,0,50,647,0
2435,601,315,13,241,1,8,1370,1
1363,1479,427,508,263,0,34,206,0
1585,3944,387,1,53,1,3,1846,1
161,4298,445,995,269,0,47,1295,1
3798,1276,189,295,212,1,81,879,0
3993,4860,187,379,40,0,14,1837,1
2568,2028,135,471,62,0,80,392,0
4474,3562,230,40,27,0,71,780,0
4598,2455,61,727,292,0,171,1896,1
1570,2691,256,4,217,0,141,871,1
206,1485,178,574,230,0,51,1021,0
1757,1679,170,540,35,0,159,1863,0
3157,2626,169,556,61,0,133,796,0
3627,1364,285,957,127,1,91,1497,0
1306,4030,120,627,232,0,102,710,0
4744,4414,164,224,233,1,151,1999,0
3743,1496,232,691,112,1,185,564,0
3457,1637,112,951,80,0,112,2,0
854,3475,125,129,52,1,159,1734,0
4931,3511,202,183,122,0,37,280,0
197,1931,239,143,96,0,123,187,1
1794,660,251,954,146,1,95,1735,0
2976,1960,127,550,128,0,184,473,1
4061,3370,98,262,251,1,89,624,0
3643,4977,1,896,253,1,196,1061,0
2056,3171,146,815,207,0,147,152,0
1696,3992,115,586,112,1,163,1446,0
253,3184,472,98,152,0,145,1920,0
3777,2870,162,719,168,1,160,1604,0
1300,4912,403,503,134,0,144,640,0
4555,955,370,469,21,1,157,38,0
562,2486,263,282,26,1,20,798,0
959,4549,316,815,146,1,34,1216,0
16,1244,157,476,45,0,5,99,0
1060,2328,348,496,180,0,98,700,0
190,2301,468,927,160,1,66,128,0
569,1896,173,791,113,1,174,854,0
154,2538,385,985,272,1,160,1417,0
2806,538,354,817,12,1,134,1849,0
4115,2369,263,511,141,1,114,471,1
4929,2775,446,853,50,0,185,575,0
1715,4778,325,782,53,0,187,613,0
3124,3052,107,4,102,1,5,877,1
4142,4365,369,635,105,1,146,657,0
3675,1370,228,473,116,1,22,1151,0
1012,1665,57,633,0,0,33,1120,0
559,3673,487,236,271,0,191,1471,0
2294,3148,153,655,85,0,28,1998,1
3118,2142,237,957,203,1,175,341,0
1757,4453,22,761,9,1,68,1124,1
3730,2490,95,768,3,1,23,336,0
4592,896,159,474,151,1,177,1699,0
4000,2739,426,612,267,0,64,1441,0
1066,4381,396,11,94,1,129,1277,1
2082,2775,336,89,263,0,153,970,1
417,115,104,902,195,1,113,1517,0
728,3349,248,675,191,0,176,1123,0
2143,1688,150,189,223,0,11,1393,0
2326,2915,360,797,272,0,61,596,0
1365,4493,186,18,176,1,139,445,0
4171,4361,454,795,205,0,127,1588,0
143,4981,68,98,24,1,122,1493,0
3222,1168,56,38,108,0,41,1210,1
3294,4730,132,162,214,0,74,658,0
953,2540,400,252,229,0,173,1677,1
2993,2682,193,516,28,0,165,339,0
1388,1857,341,499,144,0,70,217,0
1827,3142,251,414,274,0,107,1206,0
713,3603,38,125,172,0,125,1082,0
455,4925,382,360,0,0,91,190,0
1531,3441,408,823,116,1,57,1580,0
1852,4911,148,79,212,0,163,1251,0
3512,1257,304,525,142,0,0,1397,0
3330,2704,470,952,11,1,15,968,0
667,4469,7,121,163,1,135,698,1
539,2780,356,40,227,1,154,502,1
2508,2780,239,924,45,0,133,1618,0
4804,1839,408,449,9,1,29,1266,0
1015,1825,373,64,145,1,176,1803,0
4158,3926,314,794,176,0,160,1634,1
510,385,404,822,5,1,196,1887,0
1460,3637,164,713,82,0,84,1102,1
2048,4147,172,716,259,1,192,881,0
2081,3420,94,71,38,1,161,438,0
3962,4364,448,53,235,0,56,401,1
3374,3279,228,852,65,0,178,103,1
4859,1330,97,849,285,0,90,435,0
1331,4345,165,480,29,0,105,1587,0
4892,138,183,400,272,1,83,984,0
4300,3819,42,751,110,0,150,1207,0
3445,900,359,899,183,0,194,1888,0
4188,672,433,60,121,0,146,1813,0
4699,4778,316,533,0,0,11,346,0
1968,1754,300,922,72,1,46,1145,0
4202,2879,47,572,25,1,0,8,0
1276,2767,302,638,55,1,13,474,0
2125,3288,385,364,153,1,186,1336,1
1646,919,237,362,238,1,17,1530,0
1906,3087,191,984,118,0,27,714,0
1296,126,299,536,144,0,24,1604,0
232,2157,145,110,227,0,33,623,0
2472,2661,5,691,281,1,186,1976,0
3812,3449,288,436,149,0,197,1606,1
2563,3422,330,445,94,1,54,1161,1
242,2591,39,228,35,1,5,1346,0
4170,4,334,645,117,0,93,504,0
4289,847,202,391,25,0,172,1324,0
1141,1811,211,224,19,0,139,559,0
4749,4416,37,804,138,0,99,845,0
3744,902,177,9,260,0,137,172,0
3713,1620,320,318,100,0,16,777,0
2038,3491,93,94,68,1,187,236,0
1908,376,458,136,75,0,34,513,0
2965,3644,319,348,266,0,13,1852,1
4820,2899,378,77,61,1,88,1773,0
2449,2344,327,294,103,1,31,1715,0
4670,2191,480,664,144,0,193,1998,1
2151,4019,38,946,197,1,66,391,0
2035,478,230,922,156,1,184,1121,0
950,2337,253,195,85,1,9,517,0
2912,2854,396,158,227,0,179,1720,0
3719,3229,46,323,172,1,154,95,0
1955,794,298,282,68,1,10,1278,0
2597,3206,199,22,217,0,103,958,1
1639,828,170,459,132,1,36,1864,0
3056,604,286,377,50,0,39,1321,0
1792,2862,100,404,109,1,181,983,0
1854,4022,54,370,148,0,52,1161,1
4212,575,243,536,89,0,37,386,0
474,418,346,528,127,0,186,876,0
1205,4760,24,966,179,1,87,1185,0
4158,4758,153,155,48,0,80,1108,0
4243,3702,341,475,62,0,103,561,0
1759,3213,477,214,210,1,31,670,0
4524,1501,285,143,18,1,0,590,0
3057,4290,475,112,113,1,165,947,0
3335,4151,358,642,287,1,109,162,0
54,1824,177,390,7,0,56,759,1
2490,328,53,760,238,0,66,1075,0
3054,2144,87,77,287,1,45,491,0
164,4278,468,909,222,0,175,7,0
2198,3157,146,623,35,0,187,82,0
3594,4842,385,706,118,1,19,261,0
1279,3578,341,363,279,0,157,632,0
4223,4832,208,881,114,0,13,521,0
236,1305,358,200,245,1,3,666,0
3180,2658,214,804,74,1,145,128,1
40,2082,16,676,152,1,121,588,1
341,4053,26,824,286,1,167,610,0
454,2954,172,400,189,1,45,1600,0
1386,3777,306,692,291,0,25,29,1
2058,1137,186,806,231,0,53,98,0
2711,4854,405,68,288,1,35,751,0
1762,3921,445,506,200,1,193,1525,0
2343,1241,60,938,103,1,24,1063,0
3569,1253,107,171,101,1,11,275,0
4090,3005,16,329,56,0,46,12,0
215,339,263,990,148,0,117,976,0
3726,3643,409,488,25,0,31,778,0
400,3991,281,980,85,1,134,1806,1
4232,2931,175,839,214,0,81,1247,0
934,3043,401,442,102,0,13,1183,0
2667,131,292,170,182,0,107,39,0
3587,921,396,721,160,1,169,1132,0
310,739,169,545,250,0,12,1165,0
3810,814,499,28,244,1,184,272,0
1262,2425,265,925,64,1,176,3,0
375,2034,323,145,292,0,175,705,0
2632,4495,304,888,139,0,36,61,1
4805,807,439,318,10,1,76,226,0
4867,885,242,492,106,1,56,218,0
2553,3846,4,772,53,0,176,1545,0
1913,1597,378,489,177,1,61,1169,0
4255,4070,268,119,88,0,67,1934,0
1290,1641,439,322,122,1,28,1673,1
1355,4266,8,462,39,0,4,1419,1
983,975,37,327,250,0,175,1626,0
36,3388,175,972,283,0,80,1138,0
317,2397,114,697,55,1,97,40,0
1312,1286,215,146,167,1,96,571,0
1704,363,44,344,180,1,99,191,0
4795,557,313,760,30,0,169,1418,0
3508,3742,38,926,81,1,1,1742,0
1547,295,449,223,12,1,154,1137,0
4455,4796,447,855,162,1,69,467,0
4681,1248,481,830,59,0,36,989,0
1887,4580,241,323,218,1,16,524,1
885,2753,21,473,119,0,49,1294,0
284,4812,163,762,226,1,124,460,1
906,3105,133,878,78,1,178,459,0
3609,3554,429,737,284,1,98,397,0
3342,887,284,156,74,1,31,1154,0
3155,3094,458,538,194,0,125,748,1
988,4117,302,975,83,1,146,1977,0
4665,3964,421,526,161,0,162,1856,0
791,1810,270,491,207,0,71,1084,1
3676,3381,7,590,26,1,49,199,0
959,693,23,827,45,0,152,734,1
3344,3966,235,851,227,0,165,1968,0
116,2434,343,583,63,0,71,1813,1
4433,1390,494,606,165,1,10,1325,0
2043,4198,424,391,266,1,178,1112,0
2936,3118,159,462,79,1,85,92,0
713,936,415,241,1,0,32,1769,0
917,3175,193,165,89,1,121,143,0
886,428,304,871,122,1,8,774,0
2270,1440,40,369,203,1,71,1714,0
1107,4207,250,382,6,0,83,208,0
3385,22,409,894,2,0,40,1724,0
2134,3596,396,536,242,1,146,1591,0
4780,1928,220,630,182,1,50,1836,0
661,4645,351,311,58,0,155,1738,0
4540,353,390,331,212,0,185,957,0
4611,2780,363,381,19,1,151,1586,0
4703,1274,116,865,227,1,78,1442,0
4390,4010,242,370,185,1,124,1292,0
529,3624,20,910,224,0,25,1544,0
4573,3370,427,525,1,0,36,837,1
4648,2366,315,380,110,1,83,130,1
3216,2939,344,27,65,0,4,1473,0
4023,4397,406,302,286,0,9,1731,0
2639,1994,92,777,256,0,19,1800,0
2360,576,373,979,283,0,106,1957,0
2212,2353,496,631,43,1,155,1391,0
619,1275,444,915,129,0,36,1044,1
1058,4294,484,756,58,0,160,1009,0
1035,4586,275,692,241,1,42,126,0
3868,1209,38,222,183,0,170,1202,0
3923,4404,335,945,233,1,118,1032,0
128,1015,263,668,4,0,85,1199,0
2474,3486,113,977,144,1,135,303,0
4683,987,327,344,288,0,146,1311,0
3124,1328,68,360,89,1,193,1010,0
574,3233,168,88,175,0,72,1781,0
488,1348,97,380,101,1,131,1638,0
3553,1001,278,850,128,1,53,455,0
3726,3148,198,142,92,0,160,305,0
3338,3016,109,973,264,0,84,1818,0
2501,1948,116,220,153,0,11,1157,0
3364,3023,299,739,270,0,175,343,0
2545,2412,378,426,20,0,106,1015,0
3188,715,50,782,276,0,18,1826,0
963,373,51,493,26,0,155,291,0
105,1682,1,944,76,1,89,1369,0
1286,3180,73,38,158,0,190,312,0
444,36,83,451,262,1,128,1196,0
2938,1301,213,219,25,0,14,10,1
1660,2632,151,719,48,1,90,1317,0
3683,3274,344,145,163,1,182,242,0
1584,483,107,225,160,0,148,662,1
2466,988,454,159,10,1,77,1101,0
769,1344,290,262,84,1,66,1578,0
4008,3352,187,301,18,1,101,554,0
4131,4840,228,352,163,0,72,648,0
2472,3047,195,780,48,1,129,956,0
3610,4256,148,775,229,1,49,67,0
2428,4154,258,341,129,0,171,770,0
3874,2402,470,797,115,1,149,1836,1
1868,2335,302,310,207,1,189,670,0
2959,3084,144,399,135,1,2,1680,0
4443,4726,4,979,247,1,64,1657,0
4037,4552,230,799,160,0,15,460,0
2785,2557,141,803,150,1,65,361,1
2496,4931,179,701,153,1,54,262,0
2190,4438,315,100,243,1,11,1263,0
2725,594,428,802,157,1,157,1486,0
3919,73,398,404,162,1,90,130,0
4361,1986,280,252,288,1,94,1806,1
4917,238,380,435,24,0,116,482,1
963,537,78,579,172,1,11,1824,0
4187,3725,30,845,19,1,59,447,0
1884,4139,253,129,59,0,30,1011,0
1953,4738,381,778,177,0,158,1080,0
2130,3977,98,148,155,1,114,263,0
608,1639,39,784,100,0,123,820,1
419,4220,421,230,177,0,115,1727,0
2044,2140,469,525,228,0,85,1669,1
4481,2294,229,590,148,1,57,1912,0
3084,2010,241,492,212,0,81,173,1
464,3043,496,699,190,0,51,1792,1
2557,546,51,623,251,1,179,1949,0
2444,2673,104,191,16,1,136,425,0
571,3632,28,96,9,1,57,1980,0
714,4855,289,775,213,1,176,79,0
3926,856,172,466,68,1,171,449,0
1031,4941,199,504,86,0,128,1645,0
2711,3089,132,147,276,1,57,1951,0
1674,4532,398,210,27,0,185,1285,0
2037,3424,7,319,137,1,110,992,0
1246,3720,255,359,48,1,125,836,0
2216,4313,377,118,189,0,113,1802,0
651,770,373,780,180,1,94,1936,0
522,522,270,272,182,0,152,488,0
3697,2838,499,413,212,1,31,1459,0
3988,4067,121,543,221,0,38,497,1
2990,2197,396,660,125,1,45,1384,0
4758,1760,202,255,85,1,88,534,0
3537,4866,28,212,282,1,94,1487,0
4183,461,277,682,188,0,183,515,0
2066,23,412,29,294,1,110,1305,0
361,3728,71,128,260,0,192,1924,1
1855,4970,353,490,9,0,127,302,0
922,3138,424,111,12,0,163,598,0
313,2614,11,208,13,0,161,1461,0
2634,3984,242,734,69,1,100,698,0
1404,1044,393,535,226,1,36,1766,0
2023,4967,404,201,37,1,3,188,0
2320,3191,70,515,220,1,2,1752,1
2947,3960,253,535,161,1,81,1939,0
4155,2963,304,318,210,1,151,1133,0
2974,868,191,18,172,1,93,183,0
2528,1170,318,627,112,0,46,971,0
1836,4257,400,197,259,1,46,399,0
2125,2172,74,870,136,1,143,837,0
137,2098,258,972,106,0,93,254,0
2757,3921,364,562,244,0,169,547,0
4676,2004,48,916,73,1,4,356,1
3331,4734,230,294,128,1,56,612,0
685,4284,56,542,83,1,35,725,1
875,4714,413,341,219,0,162,1975,0
631,906,335,399,181,0,105,1753,0
840,1720,106,595,249,0,184,1557,0
4000,3142,126,398,159,1,147,1496,0
1449,3738,491,887,141,0,164,314,0
3652,3671,217,932,160,1,116,1732,0
597,3063,288,592,151,0,60,1378,0
2090,3670,176,528,97,1,197,610,0
4948,3589,1,21,111,0,65,842,0
4530,4733,166,85,75,1,167,1318,0
610,1728,242,830,48,1,31,391,0
1177,1092,365,883,213,0,119,744,0
1749,2676,91,781,167,1,27,1050,0
2113,3971,455,43,96,1,5,679,0
2426,4403,266,503,267,1,7,1944,0
2211,485,84,71,54,0,46,1935,0
4563,3526,267,385,262,1,130,877,0
1898,4136,485,928,219,0,7,613,0
687,3691,100,259,245,0,31,649,0
3958,575,108,886,20,1,12,1186,0
1125,1530,222,570,246,1,26,1861,0
2400,2244,280,915,153,1,132,227,0
264,1396,485,433,133,0,59,1964,0
2990,1900,456,724,215,1,130,588,0
985,4080,276,155,247,1,189,1441,0
1715,2594,40,306,74,0,22,1200,0
1674,2910,270,858,288,1,124,272,1
4578,936,247,155,46,0,197,201,0
3830,855,127,190,66,1,185,1945,0
4628,1337,116,948,141,1,144,551,0
1787,4941,206,209,114,0,133,1275,1
1466,3675,353,887,45,1,141,612,0
3618,3918,83,880,280,1,87,270,0
1750,4758,431,82,109,0,130,1450,0
2331,2221,326,717,62,0,123,1399,0
4882,2991,499,397,119,1,180,1853,1
2512,286,264,319,160,1,51,89,0
4916,1763,488,954,221,0,195,68,0
4008,3199,254,694,15,0,61,881,1
2315,779,63,493,49,0,148,1349,0
3940,1987,171,928,200,0,136,1348,0
4577,728,479,64,7,0,86,1455,1
3659,527,360,658,25,1,92,406,0
1573,4601,156,178,131,0,198,348,1
578,2902,491,193,161,0,182,1385,0
1110,4006,261,213,152,1,144,573,0
729,4379,135,466,92,0,98,1448,0
1455,4797,485,48,189,1,42,404,1
4697,341,244,944,191,1,105,1387,0
1800,4913,40,528,276,0,58,1959,0
4492,1518,146,906,126,1,44,1,0
18,3404,71,455,108,1,188,1264,0
987,3322,452,519,152,0,173,1367,0
726,3761,174,851,145,1,67,990,0
419,594,484,658,238,1,167,1108,0
331,3450,242,654,40,0,1,959,0
201,2498,306,842,265,1,50,1142,1
770,3156,453,666,116,1,92,1702,0
3421,4009,267,418,234,0,54,1837,0
1236,4670,48,126,222,0,22,1432,0
1819,2325,437,106,145,1,98,1453,0
4020,2022,121,29,187,1,97,1824,0
3243,3135,22,359,74,1,159,1849,1
4000,1944,166,289,155,0,6,1220,1
4928,3265,46,147,274,0,187,914,0
3054,3547,125,394,293,1,68,1416,0
3699,1464,203,485,30,1,112,1901,0
1399,3416,442,578,74,0,3,1690,1
4458,1258,50,817,261,0,124,911,0
4009,2170,124,548,169,1,100,1059,0
785,2417,284,76,58,0,125,1524,1
3807,1302,67,68,164,0,48,1933,0
4916,2391,434,898,41,1,159,1133,0
340,2990,382,532,299,0,102,836,0
1627,1304,124,482,110,1,138,996,0
3170,3836,337,103,213,0,151,762,0
998,2568,283,516,144,0,163,1910,1
3162,1141,353,266,172,0,139,246,1
1510,476,4,976,183,1,168,558,1
882,2195,153,303,107,1,51,864,0
4790,1611,416,957,215,0,142,1947,0
2808,3826,464,690,218,1,91,1971,0
3822,2820,390,364,162,1,72,1864,0
2384,4977,224,863,146,0,37,1347,0
942,1725,286,719,113,1,21,1373,1
3906,3638,393,809,125,0,193,1705,1
695,1310,56,733,162,0,113,264,0
3559,3399,29,646,66,0,35,25,0
2958,4237,231,647,187,1,126,257,0
2241,3176,22,264,289,1,127,1284,0
1381,1099,354,583,258,1,187,1997,0
2092,3645,82,122,15,1,167,1681,0
4545,1498,12,183,110,0,33,295,0
1238,974,119,893,54,0,117,733,0
3878,2369,400,232,157,0,12,1557,1
3858,1305,213,30,182,0,31,1470,0
1589,1588,147,159,13,1,155,1902,0
2307,1229,58,470,263,1,11,1655,0
4945,4450,126,74,203,0,78,1465,1
1884,1810,95,725,293,0,86,1112,0
2437,889,319,156,155,0,120,577,1
4232,4524,451,611,140,0,176,198,0
3492,2449,185,470,217,0,160,1852,0
4118,3797,404,234,12,0,160,1560,0
3523,4527,280,605,200,0,83,979,0
1316,2858,400,100,27,1,40,1379,0
226,4969,379,454,12,1,140,1124,0
4744,4425,165,458,99,0,86,1197,1
3976,1752,263,262,291,1,2,1052,0
939,3221,27,487,64,1,20,1276,1
1548,2097,117,53,137,0,43,1839,0
4653,3597,164,101,279,1,80,868,0
674,387,110,613,16,1,181,884,0
4266,740,377,187,229,0,83,119,0
3758,2513,103,603,185,1,26,1526,1
2222,2793,161,420,133,0,152,33,0
2566,2804,312,637,11,1,42,373,0
3718,4403,456,159,263,0,199,1069,0
643,4712,194,924,156,1,155,1229,0
1241,516,89,103,118,0,55,608,0
3402,3872,27,277,232,0,58,1114,1
2409,3513,25,24,266,0,180,456,0
3483,1995,490,832,48,0,51,1126,0
1723,1593,46,158,173,1,25,1777,0
2295,1697,433,421,225,0,60,1146,0
2500,3646,85,445,209,1,45,1933,0
1116,2568,427,492,234,1,160,1745,0
2380,1547,350,667,69,0,15,580,0
2743,2494,331,138,88,1,18,311,0
2001,1284,107,882,284,0,124,1378,0
244,2896,449,929,246,1,140,362,0
3423,2020,494,605,38,0,186,1620,0
85,3116,136,420,73,1,100,1536,0
3326,2219,468,727,169,1,103,322,0
943,2838,100,154,140,0,9,740,1
3318,667,33,498,128,1,88,605,0
3906,980,403,628,93,0,98,1649,0
3929,2766,16,273,172,1,92,693,0
3008,2162,256,57,153,0,147,1652,1
4410,3787,40,104,192,0,21,354,0
1960,2781,67,708,255,0,55,947,0
2635,2330,370,402,108,1,198,1327,0
4647,4501,461,131,278,1,83,1423,0
3180,4317,391,552,146,1,102,1582,0
3576,4571,323,889,270,0,164,1921,0
3354,4136,446,188,163,1,23,536,0
3906,290,440,432,180,1,115,279,0
4958,254,180,829,168,0,187,566,0
3896,1674,167,390,102,1,84,1341,0
383,342,302,963,37,0,163,751,0
3414,1850,305,541,189,0,24,1136,0
205,4592,378,46,227,0,15,504,0
309,2709,455,752,271,0,30,938,0
4538,4350,8,976,138,1,9,726,1
3907,153,122,916,101,0,64,1215,0
3875,1105,488,894,87,1,103,1807,0
1914,3073,494,406,166,0,125,313,1
4858,681,476,72,140,1,5,1364,0
1538,3409,62,560,75,1,174,109,0
4160,3921,450,473,270,1,31,864,0
368,4947,42,883,77,1,32,1294,0
4854,3387,412,850,167,0,192,1477,0
389,1000,12,239,146,1,79,891,0
3731,452,427,150,1,1,21,883,0
4935,2567,205,951,113,1,82,1203,1
4559,113,11,125,52,0,132,1307,0
2949,3169,4,568,68,1,119,1083,0
49,3952,488,18,213,0,122,1474,1
451,3766,390,590,214,1,146,128,0
4855,2762,360,568,217,1,156,202,0
517,1342,168,964,81,1,168,1969,0
3275,3655,386,777,97,0,34,208,0
2633,4118,153,938,294,0,156,1519,0
2600,2196,107,402,83,0,110,1858,1
2849,1743,282,777,72,0,95,560,0
4195,2556,257,412,64,0,153,266,0
4757,2995,47,916,247,1,99,610,0
283,2929,300,67,6,0,136,1188,0
3491,3145,236,45,105,1,31,262,0
2704,4938,369,794,53,1,162,1780,0
4462,3343,131,604,72,0,153,915,0
3856,4139,376,40,169,1,167,39,0
150,1135,479,435,46,1,62,737,0
4164,2347,431,801,295,0,60,946,0
1337,1185,330,527,93,1,137,1362,0
4370,2367,76,503,173,0,101,833,1
602,3822,263,690,208,0,133,1643,0
4027,2844,352,693,36,0,81,568,0
2817,445,57,362,122,1,167,420,0
1358,63,149,511,138,1,184,1229,0
4351,135,60,874,87,1,128,823,0
2981,121,384,613,37,0,156,645,0
2068,242,454,962,108,0,83,1619,1
4164,196,139,443,282,1,22,1689,0
3390,1914,51,855,152,0,54,1838,0
3935,1572,109,176,294,1,96,881,1
136,1030,498,108,34,0,149,425,0
86,2513,75,470,213,0,28,1263,0
2700,3630,371,494,111,0,44,1425,0
596,4546,484,645,107,1,93,662,0
720,4734,234,415,121,1,114,932,1
3611,2254,166,246,46,1,126,147,0
3453,4508,151,583,136,0,32,958,0
2242,449,412,945,140,1,128,930,0
238,205,47,432,244,1,60,925,0
4951,4167,268,324,281,0,194,1031,0
820,193,240,573,16,0,24,251,0
3700,2464,281,379,143,0,53,668,0
1847,3905,92,504,85,1,168,499,1
3816,718,412,338,146,1,168,429,0
4234,3765,429,541,56,1,145,435,0
193,3808,135,533,5,1,184,1896,0
731,2873,48,684,81,1,76,557,0
531,4317,122,745,220,0,82,3,1
4135,2622,131,506,59,1,74,1146,0
3306,898,61,255,48,0,91,671,0
3575,4815,47,408,135,0,57,1893,0
1853,2855,479,313,208,0,191,44,0
4678,3164,264,894,219,1,156,1466,0
2774,991,386,788,63,1,35,490,0
1493,3646,425,843,169,0,12,267,1
3591,616,58,824,39,0,186,386,0
649,2348,394,206,80,1,1,1202,0
857,4887,145,317,223,0,127,62,0
4334,4291,165,962,221,0,128,990,1
4251,3989,377,621,268,0,99,903,1
3046,975,206,387,278,0,69,1364,0
203,161,27,391,256,0,62,534,1
4500,608,162,590,4,1,119,1838,0
2949,2104,365,698,231,0,156,455,0
4325,2379,480,181,255,1,175,27,0
298,957,286,90,60,1,194,365,0
4446,3727,399,252,268,0,34,1012,0
2964,4595,437,970,290,1,165,1439,0
113,3505,479,355,182,0,185,1379,0
4804,3197,137,338,24,1,60,1565,0
2730,3522,73,572,152,1,47,211,0
650,2588,196,190,50,0,11,1586,0
2217,3540,165,920,13,0,31,1931,0
3226,1099,276,939,132,0,168,571,0
2505,918,338,832,63,0,3,193,1
4501,1750,241,942,208,0,173,654,1
4529,1136,416,374,58,0,11,1320,0
2690,3256,89,93,12,0,65,805,0
3875,1611,455,875,298,1,147,1032,1
4735,2388,115,438,143,1,61,1771,0
954,1263,439,943,154,0,87,1280,0
4274,2260,292,233,238,0,118,825,0
2654,885,221,365,275,1,52,1655,0
3856,3136,297,349,10,1,177,1095,0
762,2324,49,357,215,1,159,564,0
3155,3971,292,637,295,1,39,236,0
4455,110,191,903,92,1,55,1084,0
3611,637,12,991,35,0,25,1110,0
4261,2431,343,894,277,1,30,1399,0
3373,2144,189,452,191,1,9,1448,0
1943,3184,315,445,144,0,56,1463,1
225,777,277,908,88,1,17,1395,0
2153,1295,462,830,166,0,80,1056,0
3802,845,207,200,37,0,187,1351,1
4143,2960,438,806,195,0,88,224,1
1932,2925,336,228,76,0,187,1882,0
4405,3204,38,71,280,0,159,1211,1
1445,220,52,733,130,0,149,608,0
2294,72,317,184,5,1,31,1635,0
698,827,286,348,254,0,189,308,0
2334,4862,212,761,83,0,126,1430,0
2686,2986,113,944,275,1,80,1974,0
3968,911,460,272,57,1,108,1303,0
1799,315,473,110,186,0,166,1253,0
1724,3344,374,1,245,1,144,1310,0
497,1757,237,93,268,0,93,661,1
2983,143,200,179,201,1,52,471,0
4512,1849,307,648,181,0,0,1068,1
3791,1289,287,782,139,0,184,904,0
1344,3304,41,701,138,0,170,863,0
2463,2554,220,724,55,1,85,946,0
492,192,498,821,199,0,176,227,0
816,3221,114,449,62,1,82,871,0
272,1030,146,183,27,1,37,1143,0
3797,3290,176,298,163,1,12,308,0
3176,1252,246,699,82,1,98,1774,0
4891,4993,425,209,295,0,190,460,1
4005,3564,410,136,183,1,30,472,0
2796,537,289,578,249,1,117,1002,0
915,3082,210,834,151,0,194,1978,0
270,1187,459,104,180,1,25,1711,0
2398,4530,339,139,131,0,175,183,1
1269,3673,65,669,148,0,83,1457,0
2044,3553,371,293,252,0,109,948,0
983,889,377,900,69,0,106,1136,0
470,1988,90,529,148,1,103,1687,0
3623,2186,344,179,199,0,60,192,1
3308,1717,310,548,55,0,101,1885,1
2799,360,187,818,29,0,107,844,0
2764,891,455,958,219,1,93,457,0
1719,4770,246,542,51,0,75,897,0
4647,1637,110,384,248,0,181,1450,0
1232,4118,165,610,207,1,189,1711,1
2037,2650,140,656,165,0,77,429,0
1262,72,444,654,282,0,158,1269,0
1083,4102,196,981,57,0,150,1241,0
3076,986,19,389,197,0,191,754,0
4621,1486,12,902,43,0,142,19,0
1003,2467,336,418,99,0,159,122,0
1895,4241,326,362,49,0,98,800,0
4037,1152,397,932,238,1,67,808,0
4827,4525,345,283,236,1,30,771,0
4887,3855,170,158,200,0,44,962,0
3575,876,370,102,124,0,29,1482,0
2780,423,59,609,170,1,172,663,0
1975,1658,493,619,3,0,150,6,1
3217,3855,423,889,95,0,5,624,0
4542,4931,105,650,298,0,95,1412,0
2896,809,466,900,213,1,197,1315,0
4051,2198,367,758,266,0,2,1417,0
598,3342,224,529,112,0,72,1815,1
124,3247,68,46,255,0,29,281,1
2415,4591,24,585,205,1,57,606,1
1960,1049,333,354,115,1,9,99,0
1620,4781,390,502,208,1,125,1600,0
4905,978,53,330,271,0,17,483,1
1881,4587,430,238,297,1,187,1357,0
4922,2331,78,71,262,0,110,1911,0
4987,2060,140,765,42,0,62,253,0
1827,3029,7,836,89,1,35,796,1
4171,926,150,399,269,1,70,1204,0
3364,4291,398,227,274,0,105,1045,0
2074,285,147,280,163,1,149,224,0
949,3940,29,44,274,0,33,653,1
1909,2582,179,947,230,0,146,1574,1
3406,148,8,287,49,1,4,916,0
3748,278,441,835,299,1,76,1834,0
2182,4676,146,489,158,1,162,441,0
2462,1631,180,287,186,1,137,130,0
143,16,301,422,244,0,106,1112,0
886,341,3,326,94,0,91,992,0
4059,1132,18,409,295,1,170,1355,0
11,195,489,794,181,1,48,656,1
2077,3868,280,95,265,1,41,808,0
1015,1385,373,553,245,1,21,185,0
2410,4432,161,159,88,1,11,1448,1
1881,4297,9,863,225,1,19,1063,0
4416,3480,410,385,158,0,77,1218,1
2660,2173,358,279,109,1,100,1682,1
4769,2362,331,149,35,0,163,1046,0
2895,4536,216,95,163,1,17,294,0
479,4219,399,698,148,1,197,396,0
3213,2365,198,557,287,0,43,1425,0
4651,610,260,108,282,1,86,616,0
2253,4943,42,864,244,0,98,785,0
2237,4055,287,935,250,1,34,1669,0
325,1535,408,606,277,1,172,837,0
1270,641,211,939,95,0,166,566,0
2575,3604,45,962,192,0,57,1461,0
4801,3997,339,325,7,0,111,947,0
2756,1645,275,72,166,1,18,1126,1
170,653,396,187,85,1,51,111,0
3925,2259,455,199,297,1,114,1050,0
923,4233,19,439,210,1,38,435,0
4062,4046,266,665,41,0,10,806,0
3346,1472,389,941,229,0,169,1244,0
4423,1467,51,885,262,0,102,1341,0
1893,3635,116,420,45,0,87,720,1
600,381,117,565,115,1,3,1099,0
365,2571,347,437,214,0,22,1522,0
312,4634,408,53,28,0,96,1188,1
3618,798,347,272,207,1,157,500,0
4717,947,357,617,46,0,63,1270,0
4517,3159,216,489,6,1,80,1746,0
4425,4746,440,390,229,0,51,673,1
1211,930,3,912,131,0,3,1537,1
4552,4387,7,764,291,1,122,1835,0
1869,4473,145,155,15,0,46,1787,0
4516,3623,303,941,38,0,131,542,1
2155,693,254,454,252,0,126,442,0
3820,4678,43,711,151,1,18,1125,0
2080,1548,117,861,154,0,136,1270,1
1782,1565,160,746,189,0,14,770,0
3956,172,437,273,258,0,170,1746,0
1209,4676,378,721,195,0,97,605,1
1473,3244,382,133,24,0,184,1109,0
4239,3982,166,411,223,1,178,1655,0
953,4525,149,415,214,0,41,1077,0
1353,3323,294,889,270,0,156,123,1
4873,2396,28,974,34,1,139,623,0
3218,3139,391,519,121,1,174,1924,1
4546,557,135,854,15,0,194,1520,0
1016,2063,326,613,225,0,21,1432,0
1451,2314,490,207,109,1,183,1393,1
3536,1724,153,493,278,0,133,965,0
3261,1165,42,845,283,1,58,1468,0
2226,1080,154,671,110,0,67,814,0
2031,323,409,903,5,1,23,1456,0
2476,3341,196,536,147,1,81,367,0
4041,2039,300,369,174,0,75,495,0
3182,1785,438,714,146,0,52,538,0
4469,1452,215,232,192,0,170,887,0
3346,1874,75,438,219,1,187,699,0
2938,4788,252,125,176,0,153,1635,1
1191,2640,293,844,125,0,53,662,1
4079,4515,443,684,45,1,182,214,0
1767,4181,408,488,64,1,150,627,0
1375,1182,76,490,145,0,148,313,0
1882,4909,427,465,87,0,46,680,1
1073,2388,346,645,136,0,108,1849,0
4391,2160,300,588,176,0,147,101,0
1627,3473,27,936,24,1,40,134,0
2597,902,428,74,141,1,167,771,0
1378,1249,151,530,145,1,115,893,0
1058,2750,0,995,152,0,176,508,1
3553,4441,399,737,220,0,150,723,0
2888,1665,41,914,235,1,182,1426,0
44,2069,121,69,47,0,38,287,1
2040,274,443,599,243,0,72,479,1
4286,1192,8,620,136,1,131,1233,1
3332,788,78,657,110,1,92,525,0
3260,4713,7,66,190,1,8,990,1
2532,3581,297,908,163,1,140,1292,0
4087,73,307,198,129,1,55,572,0
1831,1856,486,852,150,0,178,197,0
798,788,235,182,208,0,129,665,0
2918,732,105,374,69,0,185,1123,0
2933,1216,324,978,213,0,187,1491,0
3389,4240,383,215,14,0,182,1571,0
2917,2353,472,143,110,1,178,1608,1
1577,1297,190,172,6,0,9,546,1
4613,914,214,133,284,1,152,1463,0
2378,3455,114,893,283,0,74,1190,1
687,4662,183,870,221,0,71,179,0
3797,1645,384,668,190,1,55,708,0
4482,3830,236,615,6,0,0,1755,1
966,4268,86,552,122,0,41,1909,0
2622,2213,488,698,208,0,175,1413,0
371,611,115,269,252,0,158,1119,0
3699,1074,205,497,78,1,26,271,0
2294,3663,386,701,46,0,104,1890,0
351,1725,415,255,221,1,12,1025,1
4174,2382,376,348,97,1,198,1501,1
3775,2813,408,549,13,1,90,310,0
3639,3166,92,339,84,0,21,291,0
2681,3200,112,938,272,1,185,503,0
596,1506,349,389,80,0,68,1093,0
1551,3237,487,712,196,1,184,1858,1
2659,2722,438,156,250,1,96,530,0
4990,513,215,131,259,0,81,1307,0
1567,2209,283,105,104,0,187,1606,1
4897,2922,471,55,112,0,183,1042,0
228,171,294,188,78,1,150,1206,0
2809,4962,313,707,70,1,145,1642,0
4565,3578,192,67,51,1,106,1821,0
1869,2569,250,430,297,0,183,691,1
2579,4006,327,64,181,0,112,536,0
4038,83,469,830,184,0,59,611,0
3605,4555,211,125,41,1,192,1567,0
2449,3831,121,272,293,1,109,1464,1
1910,1506,290,113,197,0,64,179,0
1551,492,378,60,53,1,25,848,0
3683,586,191,170,272,0,186,535,0
3398,2156,334,161,205,1,15,327,0
1,1034,433,124,80,0,139,1862,0
2920,129,437,750,57,1,145,902,0
4486,3919,43,26,281,0,35,621,0
4280,3141,316,129,54,1,96,848,0
3791,1358,412,153,34,0,66,1879,0
2728,3735,70,514,31,0,81,1067,1
3644,1204,223,517,102,1,70,1114,0
3168,2122,114,190,169,0,191,1740,0
2600,3599,61,666,283,0,63,1518,0
1465,130,126,291,113,0,12,1295,0
2494,993,202,73,24,0,175,427,1
4136,4525,343,423,119,0,144,728,0
3201,889,317,983,136,1,80,1297,0
2415,1118,167,953,202,0,148,1938,0
151,586,364,912,273,1,100,557,0
2120,3086,432,156,222,1,81,1019,0
4654,3277,78,154,270,1,18,858,0
4824,1178,153,685,91,0,81,1504,0
2857,787,272,928,75,0,183,831,0
4662,666,354,711,117,0,45,302,0
4503,1213,309,829,128,0,24,1290,1
143,2490,199,156,133,1,147,1360,0
1357,2714,89,333,198,0,25,1145,0
3010,68,252,921,1,1,107,1310,0
4825,556,416,780,77,1,125,610,0
1959,1602,233,456,86,0,22,1361,0
1299,4995,182,267,295,1,99,78,0
2721,3628,237,133,191,1,21,1042,0
4218,3123,487,70,47,0,5,84,0
815,2695,442,68,10,0,191,1411,1
534,1717,292,8,270,0,92,1990,1
4500,1173,376,266,105,1,124,547,0
2825,3724,293,363,118,1,33,1193,0
1936,963,445,734,256,1,102,516,0
865,4310,120,131,196,0,129,1036,0
865,774,391,636,266,0,184,895,0
2567,1675,123,308,227,1,111,1032,0
873,4556,252,525,239,1,85,1685,1
477,2727,19,215,134,0,128,410,0
1269,4182,43,841,144,0,37,920,0
69,3925,56,381,38,1,32,1467,0
2779,4921,243,351,297,0,73,110,0
3865,25,330,790,225,0,179,232,0
4572,2624,454,231,288,0,1,530,1
2276,596,290,434,245,1,109,1790,0
3964,1566,171,308,176,0,193,1210,0
942,4621,295,600,41,0,93,1299,1
3381,2881,139,791,33,0,135,1554,0
4,3482,413,181,12,0,28,1283,0
2938,1274,254,587,107,1,81,589,0
3019,4378,473,87,203,1,150,936,0
328,2592,270,996,4,0,73,1844,0
654,760,126,774,39,1,159,1379,0
3823,1877,197,576,10,1,25,957,1
1244,1009,218,486,150,0,143,990,0
4163,4712,335,670,299,1,89,357,0
1755,2572,324,949,243,1,27,1336,1
2529,878,225,844,102,1,108,368,0
1065,422,323,180,32,0,55,1129,0
767,3658,170,376,142,1,142,1797,0
4277,4403,9,395,3,0,145,848,0
4310,3020,97,419,100,0,8,573,0
4002,3135,120,225,104,1,3,1885,0
4524,434,206,27,169,1,75,1652,0
2793,2912,217,784,250,0,87,1955,0
4656,919,149,131,58,0,67,199,0
3632,4568,231,246,238,0,110,1192,0
4022,3800,176,379,79,0,110,1485,0
4573,3492,194,213,113,0,123,817,1
1847,3935,43,414,185,0,180,1108,1
164,1999,144,36,44,1,61,420,0
18,365,299,6,248,1,116,580,0
4150,4874,479,41,296,0,196,1914,0
1381,1468,127,690,192,1,112,1767,0
4144,1169,68,57,184,1,51,1469,0
2194,3556,305,672,140,1,96,446,0
4016,3876,377,619,265,0,5,1849,0
4025,2267,20,91,126,1,55,1262,0
2533,694,24,155,4,1,20,1554,0
4114,1408,352,192,236,0,169,277,0
551,3395,152,638,236,1,54,1460,1
3937,4053,183,950,197,0,116,973,0
2248,849,321,274,210,1,134,1142,0
314,2377,16,282,257,0,61,612,0
4518,758,250,966,80,0,35,424,0
3992,204,195,727,284,0,195,307,1
1860,1962,56,722,267,1,16,798,0
3682,209,128,334,287,1,8,271,1
2044,419,213,794,210,0,75,1684,0
2480,1546,46,378,95,1,102,892,0
1903,679,432,988,81,1,71,822,0
1425,2441,200,493,199,0,178,547,0
3803,2206,3,166,203,1,149,1183,1
403,4989,165,310,67,0,87,217,0
4273,2858,357,379,145,1,73,463,0
2064,2375,317,808,251,0,118,1698,1
3557,4141,313,178,43,0,77,326,0
2261,4170,50,578,92,1,144,1543,0
3905,3076,137,230,87,0,51,1670,0
1993,3977,218,716,210,0,23,1510,0
954,4355,323,868,167,1,53,803,0
4568,3368,460,323,140,0,5,1809,1
354,1873,488,769,248,0,179,66,0
4266,4091,473,533,106,0,66,227,0
2443,728,68,83,102,0,12,1833,1
492,1549,119,969,56,1,117,1360,0
4354,3960,4,729,10,1,70,117,0
3945,2210,66,711,30,0,70,1090,0
2494,2580,440,737,198,0,144,1581,0
3990,4846,69,165,129,1,83,1625,0
3932,1608,164,48,51,0,21,1650,0
3046,2834,165,373,292,1,63,650,0
2735,82,86,224,15,1,101,163,0
2397,1933,168,463,91,0,44,660,0
3933,3386,492,922,127,0,169,1583,1
2597,2501,470,987,225,0,142,224,0
350,1929,63,348,181,0,178,1063,0
4124,2420,10,96,202,0,20,1575,0
3117,4162,90,163,110,1,122,1729,0
3362,2719,411,614,280,0,83,1987,1
3969,4306,125,491,68,0,1,1954,0
4284,3186,75,675,84,0,69,1008,0
969,3461,493,217,188,0,89,1254,0
1607,4367,122,655,256,1,164,259,0
4958,525,375,207,234,0,65,438,0
3161,3902,357,173,216,0,199,776,0
3270,486,20,199,247,1,7,1082,0
1521,605,495,776,270,1,153,1418,0
3875,2934,36,341,231,0,79,614,1
4773,4255,13,372,224,0,72,1273,0
4311,1997,89,540,219,1,132,554,0
4771,283,57,813,24,0,116,923,0
3497,948,152,693,124,0,5,637,0
564,1602,313,505,81,0,1,204,0
2451,4632,367,211,64,0,128,117,1
3549,4201,494,770,45,0,74,1240,1
1836,2893,448,535,34,1,27,1508,0
2063,3643,464,242,206,1,14,761,0
2752,1754,114,579,298,0,140,394,1
1505,1127,296,177,214,0,58,1063,0
2096,3610,160,868,175,0,1,1001,0
3999,1668,275,497,116,1,31,1052,0
3259,547,111,797,35,0,182,1753,0
2642,1601,324,639,21,1,106,1133,0
2115,2340,179,180,168,1,21,66,0
2431,1583,38,284,89,0,16,1360,0
100,4272,237,909,58,0,98,1978,0
2542,2004,1,754,296,0,122,1253,0
4235,541,390,269,246,1,98,1413,0
1129,2080,73,170,68,0,105,1673,0
4067,4196,145,8,61,0,28,1917,1
4727,682,156,334,259,1,184,1969,0
719,75,269,898,113,1,105,320,0
4969,1556,57,111,195,0,96,1116,1
4615,4908,97,235,68,0,44,649,1
4674,542,113,203,28,0,184,253,1
4481,4158,2,429,67,0,178,1165,0
2722,2359,470,392,129,0,40,172,1
4142,4226,351,977,109,0,57,1130,0
767,3896,170,382,161,0,29,1095,1
885,3907,396,514,25,0,125,1432,0
810,2236,185,816,297,1,193,523,0
2705,597,99,615,45,1,21,1717,0
3697,491,254,380,29,1,97,825,0
4376,1299,260,842,206,1,71,211,0
4647,2074,26,701,82,1,177,682,0
4264,4325,466,608,15,0,134,1562,1
2153,1909,452,688,281,0,21,975,0
2720,1771,17,753,116,1,25,1168,0
2976,3738,175,960,240,1,129,1393,0
677,106,215,657,71,1,73,1809,0
3257,1998,149,245,261,1,166,1676,0
1301,944,454,103,88,0,137,1525,0
1544,79,51,897,268,1,50,1210,0
4837,2179,489,631,246,1,191,497,0
3281,4711,328,371,132,0,138,121,0
964,4225,90,603,62,0,11,333,0
1316,1197,207,943,23,0,149,356,0
3897,29,418,495,142,1,94,554,0
1865,4017,191,671,63,0,1,1688,1
2213,1907,231,793,28,0,77,1792,0
1460,3986,392,805,86,0,64,1429,0
4474,4294,43,355,27,0,16,639,0
2553,1780,386,75,230,1,193,1272,0
2262,3230,68,392,84,0,68,611,0
2775,3999,160,422,93,1,164,115,0
30,1401,129,999,104,0,1,871,0
1412,2740,428,340,19,0,60,38,0
1560,3458,120,927,25,1,168,1347,0
818,4869,12,914,47,0,56,371,0
3677,2018,277,870,204,0,174,950,0
2868,2516,414,68,103,1,160,200,0
211,508,15,497,204,0,38,1625,1
727,4976,302,171,136,1,127,690,0
1009,1551,291,830,213,1,168,1354,0
4241,4612,89,452,59,0,15,1251,1
3734,433,288,152,276,0,22,57,0
2233,2446,92,787,157,0,180,1383,0
2513,1774,288,742,17,0,160,1952,0
1554,2779,325,994,119,0,33,596,0
841,4440,340,522,217,0,126,1905,1
1295,2064,423,523,290,0,20,1714,0
1808,1312,296,133,282,1,152,1090,0
4532,4925,421,258,102,0,54,769,0
2860,2274,430,462,236,1,120,1934,0
3782,767,121,542,284,1,16,1934,0
2815,3514,495,23,108,0,90,25,1
337,3950,401,36,281,0,63,1864,1
3538,2101,347,866,234,0,10,1823,0
998,2148,477,598,14,0,170,1637,1
4636,1650,106,921,129,1,14,244,0
3237,3863,58,601,193,0,135,1437,1
3345,2487,49,909,117,1,136,1507,0
2923,3532,322,692,77,1,155,75,1
20,3243,14,210,47,1,148,1724,0
4913,1175,140,68,259,1,77,1992,0
